{
  "train_loss": [
    1.2309062300103435,
    0.941492668698343,
    0.7587148493595337
  ],
  "val_loss": [
    2.0209117752782415,
    0.8514737011341567,
    0.5178913199499752
  ],
  "train_acc": [
    0.6713483146067416,
    0.8139044943820225,
    0.8785112359550562
  ],
  "val_acc": [
    0.6067415730337079,
    0.8539325842696629,
    0.9606741573033708
  ]
}